id,category,prompt,practice
1,Body,Notice where your body feels alive today—what is it telling you?,Place your hand there and breathe deeply 5 times.
2,Body,What small movement could release tension right now?,Stretch or shake your body gently for 1 minute.
3,Body,How has your relationship with nourishment shifted since ceremony?,"Eat one bite of food slowly, noticing its texture, taste, and warmth as if it were sacred medicine."
4,Body,Where do you feel gratitude in your body at this moment?,"Touch that area and whisper ""thank you."""
5,Body,What signals of the body can you perceive right now? How many simultaneously?,"Close your eyes and list silently each sensation you can perceive, one by one."
6,Body,How can you honor your body?,"Drink water slowly, savoring each sip as medicine."
7,Body,What new rhythms or cycles is your body asking you to follow?,"Describe your resting cycle, including night sleep and daily rests."
8,Body,Write about a time your body surprised you with strength or resilience.,"Stand tall, stretch your arms wide, and breathe in that memory."
9,Body,What part of your body most needs your attention today?,"Breathe into that area, visualizing warmth flowing there."
10,Body,Describe as in a story-telling and with detail the characteristics of any tension or tightness you can feel in your body.,"Breathe into that area, try to bring that tension in your lungs to exhale it, blow it out."
11,Body,In what ways has your sense of embodiment changed after medicine work?,"Walk slowly across the room, noticing each step."
12,Body,What gesture of kindness can you offer your body today?,Give yourself a body massage with oil or practice a conscious bath.
13,Emotion,"Which emotion feels most present right now, and what does it want you to know?",Name it aloud before journaling.
14,Emotion,How has your perception of fear changed after ceremony?,"Concentrate to call your fears to you, as most intense as you can. Face it and observe it, try to watch it without embodying it. If tension arrives, breathe consciously and relax the body, then write about it."
15,Emotion,What emotion feels unfinished and asks to be expressed?,"Allow these emotions to grow and move in your body, then express them before writing."
16,Emotion,Where have you discovered unexpected joy?,Smile intentionally for 10 seconds before you write.
17,Emotion,How does sadness flow through you when you let it move freely?,"Let the sadness increase and sigh, hum, cry."
18,Emotion,What emotion have you learned to welcome rather than resist?,"Open your palms face up, inviting it in."
19,Emotion,Write about an emotion that connects you to your younger self.,"Place your hand on your heart and say, ""I see you."""
20,Emotion,Which feeling is teaching you patience today?,Count 5 slow breaths before journaling.
21,Emotion,What emotion would you like to give more space for in your life?,Expand your chest as you inhale deeply.
22,Emotion,How does love express itself differently in you now?,Write four people's names and send them blessings. Then write your own name and do the same.
23,Emotion,What emotion carries hidden wisdom for you?,Close your eyes and imagine that emotion as a teacher.
24,Emotion,How do you practice compassion toward your difficult feelings?,"Hold your own hand, head, or heart gently and supportively while journaling."
25,Social,"Who has supported your journey, and how can you thank them?",Write a short message of gratitude after journaling.
26,Social,What relationships feel more authentic after your experience?,Smile as you picture their faces.
27,Social,How do you wish to show up differently with others?,"Stand tall in front of a whole mirror to see your entire body; breathe and modify your posture, observing yourself in different physical expressions."
28,Social,Where can you find the courage to speak your truth?,Connect with the sensation of courage and speak aloud something that you usually can't.
29,Social,What community values are most important to you now?,Write your values and circle the three that are most important for you right now.
30,Social,Write about a recent conversation that felt like healing.,"Close your eyes and replay the conversation, being both yourself and the other."
31,Social,How do you want to repair or nurture a relationship that matters?,"Place your hand on your heart and imagine smiling at them; if you feel called, communicate thanks through gestures or words."
32,Social,What boundaries protect your newfound clarity?,Draw your safe space.
33,Social,How can you share your insights without needing others to agree?,"Whisper ""My truth is enough."""
34,Social,Which connection feels most nourishing at this moment?,Write their name slowly and with care.
35,Social,How has your sense of belonging changed?,Recall one place where you felt fully accepted.
36,Social,What new forms of service or contribution call to you?,List some acts of service you can do this week and make sure to put them into practice; they can be small—the importance lies in genuine service intention.
37,Environment,How has your relationship with nature shifted since ceremony?,"Step outside or look out the window, allow the sight to penetrate you, stay there connected for some minutes."
38,Environment,Write about a place in the natural world that feels like home.,Close your eyes and smell or hear it in memory.
39,Environment,"Write about your connection with the elements: earth, water, fire, air.",Draw a symbol for each of them.
40,Environment,"How do you notice the forest, river, or sky communicating with you?",Pause and listen to surrounding sounds for some minutes.
41,Environment,What small act of care can you offer the earth today?,"Decide one small action (pick up trash, water a plant)."
42,Environment,How has silence or stillness become part of your medicine?,Sit in silence for 1 minute before writing.
43,Environment,What kind of ritual could help you feel connected to nature?,"Put it in practice, from now on anytime you can."
44,Environment,Write about a moment when you felt completely interconnected.,"Spread your arms wide, then hug yourself gently."
45,Environment,How do you sense the invisible world supporting you now?,Close your eyes and feel a hand at your back.
46,Environment,Where do you find beauty that restores your spirit?,"Look at your surroundings right now and find one element nearby that you consider pleasant. Observe it as if seeing it for the first time. If you find nothing beautiful around you, it's time to bring something there for that purpose."
47,Environment,What symbolic image from ceremony still guides you?,Sketch it briefly before journaling.
48,Environment,What vision for your life feels aligned with the greater web of existence?,Connect with an action that feels like your guiding thread.
49,Spirit,"""When I let go of what I am, I become what I might be."" (Laozi) — What are you ready to release?","Exhale deeply, imagining release."
50,Spirit,"""The wound is the place where the Light enters you."" (Rumi) — Which wound is now becoming a doorway?",Place your hand on that part of your body and breathe light in.
51,Spirit,"""He who has a why to live can bear almost any how."" (Nietzsche) — What is your 'why' right now?","Write one sentence that begins with ""My why is…"""
52,Spirit,"""Our hearts are restless until they rest in You."" (St. Augustine) — Where do you find true rest?","Lay down if you can, or sit back, close your eyes, relax, and sigh 5 times deeply."
53,Spirit,"""Silence is the language of God."" (Rumi) — What does silence teach you today?","Sit in silence for 2 minutes before writing, listen to His voice."
54,Spirit,"""Nature does not hurry, yet everything is accomplished."" (Laozi) — Where in your life can you move slower?","When you think you have finished your writing, take 5 minutes more."
55,Spirit,"""One must still have chaos in oneself to give birth to a dancing star."" (Nietzsche) — What star is being born in your chaos?",Draw a tiny star next to your writing.
56,Spirit,"""The soul is healed by being with children."" (Dostoevsky) — How can innocence or play restore you?",Write with your non-dominant hand for 1 page.
57,Spirit,"""God is at home, it is we who have gone out for a walk."" (Meister Eckhart) — Where do you feel most at home in Spirit?","Close your eyes and imagine that place in you. How would you manage it—clean it, tidy it up, furnish it—to welcome your soul?"
58,Spirit,"""Stop acting so small. You are the universe in ecstatic motion."" (Rumi) — In what ways can you expand today?",Stretch your arms wide before writing.
59,Spirit,"""The Tao is like water; it nourishes all things without striving."" (Laozi) — How can you embody water in your life?",Take a sip of water and imagine that it is the source of a river in your body. Follow its flow.
60,Spirit,"""Faith is to believe what you do not see; the reward is to see what you believe."" (St. Augustine) — What unseen truth are you trusting?",Connect with your meaning of trust and find a way to make it practice.
61,Mental,Describe your childhood as if you were telling it to a friend who doesn't know you.,Close your eyes for one minute and visualize three important childhood scenes before writing.
62,Mental,Write about your teenage years—what shaped your identity most?,Choose one song from that time and listen briefly before writing.
63,Mental,Describe a turning point in your life that changed your direction.,Re-live that moment in memory and note the body sensation that still lives with it.
64,Mental,What is the main theme of your life story so far?,Write one title as if your life were a book.
65,Mental,"Who were your most influential teachers, guides, or mirrors?",Write their names and one sentence of gratitude for each.
66,Mental,Recall one painful or challenging event and the wisdom it eventually revealed.,"Place your hand on your heart, breathe, and say ""thank you"" for the lesson."
67,Mental,Describe the person you are today compared with five years ago.,"Write a short story in third person of those five years, as they were, but as if you are writing the story of someone else."
68,Mental,Choose one dream that has stayed with you and explore its symbols.,Draw images or symbols from the dream before writing.
69,Mental,"Make a list of your favorite books, movies, or music that changed you—and why.",Pick one item and read or listen briefly to reconnect with its feeling.
70,Mental,Write a story or myth about yourself using imagination instead of facts.,Invent a title and one magical element that symbolizes transformation.
71,Mental,Describe the process of creation for you.,"Create something with your hands today—drawing, painting, collage, or sculpture."
72,Mental,If you had to write your own résumé for life—not for work—what would be its main sections?,Outline the chapters of your life like a timeline of growth.
73,Milestone,"Looking back, what has changed most since you began this journaling practice?","Re-read your first, 13th, 25th, 37th, 49th, and 61st entries before writing today."
74,Milestone,Which themes or lessons keep repeating for you?,Circle 3 recurring words or concepts from your past entries.
75,Milestone,What parts of yourself have you welcomed home?,Write your name and use each letter as the first letter of a characteristic that you feel to embrace or that is part of you.
76,Milestone,"What integration practices (movement, breath, journaling, service, ritual, creation, natural connection) work best for you?","Write the intention to maintain it for a long period, until it becomes a habit."
77,Milestone,What commitment do you want to carry forward into daily life?,"Write it as a promise beginning with ""I commit to…""."